csf	constant	linearTrend	wm	global	motion-pitch	motion-roll	motion-yaw	motion-x	motion-y	motion-z	gm	compcor1	compcor2	compcor3	compcor4	compcor5
12140.708281692634	1.0	0.0	9322.722488543506	9955.46931507198	-0.0637	0.1032	-0.1516	-0.0376	-0.0112	0.084	10617.938409336506	-0.03505809631008361	-0.006712951122735442	-0.07153192004432884	0.009846849485884428	-0.027600693180882874
12123.14691317723	1.0	1.0	9314.257683786993	9947.987176180535	-0.0708	0.0953	-0.1562	-0.0198	0.0021	0.0722	10611.036826977852	-0.02694871530390419	-0.09115216967710363	-0.030126154773453317	0.02005526819455788	-0.0997984446280573
12085.963127157844	1.0	2.0	9319.610044790747	9945.132851773578	-0.0795	0.0971	-0.1453	-0.0439	-0.0241	0.0972	10591.87717657701	0.0025524195810111283	0.06916462069008211	0.09016593515188942	-0.016607752265739295	-0.0719803733717488
12109.29934822061	1.0	3.0	9299.841075322991	9943.648621817436	-0.0607	0.0918	-0.1601	-0.0418	-0.0133	0.0877	10592.008335841203	0.079390898412506	0.029959018046970542	-0.09803641659977369	0.062493073263129764	0.02410495078857497
12072.330304975212	1.0	4.0	9297.870869106118	9925.64085175628	-0.0706	0.0873	-0.1482	-0.0313	-0.0118	0.0712	10570.445905363496	0.07547129106298317	-0.030123467834184847	0.08473946726214862	0.08821661732413583	0.012995556329952418
12044.99680749823	1.0	5.0	9309.868979474933	9913.370019598	-0.0598	0.0952	-0.1448	-0.0454	-0.0132	0.075	10548.447087911425	0.1312656673697615	0.04375142435324791	0.10350008130586213	0.0656567710559216	-0.010881514273525572
12087.832493249824	1.0	6.0	9310.241006998123	9905.494707661812	-0.0676	0.0942	-0.1547	-0.0552	-0.0065	0.0898	10535.495425916615	0.12321497444064254	-0.020960713253441513	0.009604119041363988	0.20357750934735214	-0.0015871823564819199
12040.245974791962	1.0	7.0	9318.777315798918	9904.751785180655	-0.0758	0.0984	-0.1404	-0.045	-0.0132	0.0968	10547.804146667459	0.03318690744266604	-0.004374856497446709	0.1896569686988604	0.08553261131581658	-0.03585922728313842
12090.141605712199	1.0	8.0	9316.941355523963	9932.068865509695	-0.0715	0.0939	-0.1288	-0.0517	-0.0186	0.1002	10578.658688996687	0.03813269052132076	0.08655766203840551	0.08320420769285712	-0.14244376389109736	0.027485198545982636
12128.086284691484	1.0	9.0	9325.49420170329	9947.690268046768	-0.0473	0.0853	-0.1425	-0.0486	-0.0117	0.0855	10595.251668879037	-0.029594430376655524	-0.0038679496061790443	-0.0631139589914958	0.049362098720025144	-0.03831778499586447
12137.31450845432	1.0	10.0	9316.313229833811	9921.651747126887	-0.0521	0.0802	-0.1294	-0.0524	-0.0188	0.0899	10544.558011614236	0.048330853028266875	-0.08596075629843411	0.07500315282583908	0.07598239257477751	-0.13905534208626924
12107.179592056922	1.0	11.0	9320.741764437942	9917.656493052085	-0.0539	0.095	-0.1218	-0.0513	-0.036	0.1067	10551.828052686447	0.10491055242463972	0.09110617512374633	0.027131695318161328	-0.09716058376106691	-0.0022047802390603114
12112.104315133676	1.0	12.0	9326.099078649515	9935.928542408705	-0.0644	0.0962	-0.1048	-0.0528	-0.0346	0.1344	10588.021416503558	0.0577163020828439	-0.03398990626029117	-0.018786956804382804	0.06636481344607172	0.07835368639019556
12101.88748782755	1.0	13.0	9319.496607566807	9947.698213013391	-0.0463	0.0962	-0.1096	-0.0388	-0.0328	0.1142	10601.946324744562	-0.04554489668815632	-0.03867068268279219	0.11423039904297737	0.030154989479748914	0.040038110859384815
12140.167405774167	1.0	14.0	9317.39019020539	9951.028830213829	-0.0478	0.0944	-0.0863	-0.0247	-0.0229	0.1088	10604.74754787769	-0.05067225216869374	0.01604183597246735	0.03985097477828303	-0.09308497928037518	0.061797864954156824
12152.084334332949	1.0	15.0	9326.032470530587	9960.922994120901	-0.0464	0.1028	-0.0888	-0.0457	-0.0407	0.1212	10611.74068556923	-0.0415308815088052	0.10532898285910394	-0.04669867267291118	-0.12282021712753628	0.0477056879081669
12152.145145405453	1.0	16.0	9326.251706396311	9975.759058017691	-0.0469	0.1041	-0.0811	-0.0329	-0.0375	0.1234	10636.167742538204	-0.06130883141911611	-0.0012243912390892157	-0.10639513342359351	0.040430624499067314	0.05500404647875088
12143.16411782932	1.0	17.0	9322.536674925464	9969.332462897934	-0.051	0.1017	-0.0793	-0.0241	-0.0406	0.1242	10638.484059820454	-0.08027660736874971	-0.11244619305272192	-0.0042544020228008446	0.06754394328971469	0.0800928915520083
12144.301194836667	1.0	18.0	9342.158658279042	9959.312937278659	-0.0438	0.0866	-0.0735	-0.0222	-0.02	0.1016	10630.421543016917	-0.07962384840847644	-0.01207273352325062	0.05284553952568959	-0.10740967432865453	-0.07402647590864764
12173.50804764961	1.0	19.0	9327.639733671047	9952.753453756386	-0.0459	0.085	-0.0612	-0.0422	-0.0303	0.1096	10617.28595257778	0.025482244323777478	0.016318193339431554	-0.10823239247610227	-0.12464552031525378	0.01419750504563442
12172.854781283198	1.0	20.0	9338.63138561451	9945.61931969468	-0.0202	0.0743	-0.0813	-0.0279	-0.0133	0.08	10606.300316411312	0.023194536523083814	-0.0768896103313114	-0.08644942210175692	0.012021819165750978	-0.06196137838119267
12129.545118294087	1.0	21.0	9338.943208922261	9919.901705543956	-0.0374	0.0687	-0.0695	-0.0516	-0.02	0.0932	10564.218503984033	0.0682614102406179	-0.08008197795806504	0.0730127702976811	-0.14043880680942947	-0.03901361242104753
12129.510258055949	1.0	22.0	9328.787920301458	9920.17674953944	-0.0308	0.078	-0.0768	-0.0474	-0.0227	0.1027	10555.937778252563	0.09893993100969954	0.0800904630624156	-0.040488108827929456	0.027047937168355088	-0.03351047256871763
12114.959258255134	1.0	23.0	9331.81109071334	9927.140631405891	-0.0259	0.0749	-0.0691	-0.0466	-0.0199	0.0978	10582.78144174088	0.033325174614266054	0.025023827421778343	-0.05336258914632285	0.13334078032027033	0.04114123049288093
12162.415488613226	1.0	24.0	9328.313149086242	9952.302263694957	-0.0598	0.0853	-0.0777	-0.0258	-0.0092	0.092	10617.041043808526	-0.11394275998344232	0.03131095768816619	0.043170001221669606	0.0024866226777686463	0.08508620628864476
12188.019520184136	1.0	25.0	9325.834602749559	9973.524288860759	-0.1266	0.0998	-0.0418	-0.0419	-0.0214	0.1266	10638.464913322601	-0.09385172836335591	0.025110353336969406	-0.12608968822621905	-0.07522357103063063	0.10558020336316146
12204.883997930683	1.0	26.0	9339.629146767336	9984.808841747234	-0.1089	0.0924	-0.0378	-0.0606	-0.0119	0.1106	10652.315907667724	-0.10918106954546501	-0.06708252517166467	-0.1031223840354838	0.11759742884785065	-0.08166682011561369
12154.493969104107	1.0	27.0	9332.744428417624	9959.76839443061	-0.0992	0.0842	-0.0464	-0.0319	-0.0192	0.1074	10621.293817696534	-0.09465816123673762	0.011346595745913214	0.058764271702378794	0.06105013924029267	0.005207281663122334
12139.759057409703	1.0	28.0	9319.97954843474	9961.75649402512	-0.0767	0.0897	-0.0453	-0.0295	-0.0228	0.1093	10630.135603496941	-0.023358732934633655	0.11955062525135887	0.03012488413661555	-0.0276461411109734	0.1050791480023847
12178.097079441837	1.0	29.0	9331.37855427341	9990.881344941628	-0.0811	0.0784	-0.0413	-0.0372	-0.0228	0.1211	10664.983772714086	-0.06123746683997348	0.033207167149824815	-0.13264683909735783	-0.08110380730751157	0.2077773428604715
12189.938538807985	1.0	30.0	9328.250142516012	10003.240262339834	-0.0883	0.0858	-0.0289	-0.041	-0.0271	0.1146	10689.991339374248	-0.149398858860394	-0.09901422254015066	-0.035158579089939024	-0.04226482231875239	0.12931955200350445
12127.455578855346	1.0	31.0	9346.314666381404	10002.620911930324	-0.074	0.0878	-0.0309	-0.0394	-0.0313	0.0997	10669.413115560821	-0.10714421611379933	0.09013116312320768	0.09175744004545339	0.06011389873837398	-0.08563709069869054
12167.454444604286	1.0	32.0	9352.513553514245	9985.21615219616	-0.0699	0.0827	-0.0427	-0.0398	-0.0173	0.0951	10654.901251849495	0.041127771983240274	-0.026363572089376862	-0.11045831755970774	-0.11418496161789932	-0.06176730159520374
12184.63279866767	1.0	33.0	9343.060257702076	9970.172312061797	-0.0628	0.0662	-0.0254	-0.0306	-0.0205	0.0917	10633.621210755035	-0.02288915907590459	-0.09373853428511712	-0.03288803971075146	-0.16390662720257124	-0.04182507854581941
12175.710709266554	1.0	34.0	9333.092489095627	9939.330433271354	-0.0528	0.0638	-0.0274	-0.0412	-0.025	0.0853	10581.009776978552	0.14701319567134682	0.00971406381726538	-0.06691546806489113	-0.09973270130744381	0.010690693739843157
12115.094308826134	1.0	35.0	9327.527850665305	9940.493643054053	-0.0778	0.0713	-0.0194	-0.0583	-0.0283	0.0984	10602.66777515093	0.059983570754838	-0.035317006515836226	0.11956597087625902	0.054144229978792306	0.03582214073123099
12131.315732615527	1.0	36.0	9341.580861100376	9937.65717093044	-0.0515	0.0644	-0.0487	-0.0308	-0.0196	0.0765	10571.337475882774	0.09753883314557459	0.14022836310766537	0.02184957950555734	0.02736894124452748	-0.00016369293635588983
12177.782716226982	1.0	37.0	9352.098545508503	9940.787802485422	-0.0696	0.0503	-0.0054	-0.0298	0.0014	0.0843	10578.208507225196	0.08481270356983422	-0.037859454484194165	-0.061536298391043555	0.11525494364096689	-0.02969613571185507
12180.347957794795	1.0	38.0	9338.244351810954	9934.087484256117	-0.0296	0.0659	-0.048	-0.0402	0.0028	0.0603	10571.468900775326	0.03609217773408262	0.028000515088778547	0.045075843437080244	0.04051511213495911	-0.038506678315810915
12220.172563850036	1.0	39.0	9344.747154165747	9946.056970556518	0.0134	0.055	-0.085	-0.0195	0.0053	0.0171	10576.958678480647	0.06373550161777018	0.05964336105915794	-0.057656566024589705	-0.0013925133598463796	-0.12128444548368174
12187.054164637924	1.0	40.0	9349.289797855014	9956.173525883778	-0.0142	0.0507	-0.0264	-0.0283	0.0049	0.0424	10591.679318445811	0.048645407476612834	-0.015579057119691452	-0.013097426549162274	-0.0997875782302774	-0.05148238771563814
12171.104757768237	1.0	41.0	9320.888435843639	9924.125516595217	-0.0046	0.0579	-0.0403	-0.0207	0.0016	0.0447	10569.400643698651	0.09514933041212996	-0.02265052493334364	0.05246592052632157	0.04007680444323945	0.03428262662649825
12153.718528682719	1.0	42.0	9340.864115296488	9959.335308164542	-0.0184	0.053	-0.0177	-0.041	-0.0244	0.0732	10620.001476482184	-0.01579990342539365	0.12089925224044554	0.08949927198724805	-0.10270616423891638	0.06154177868912
12172.706305052674	1.0	43.0	9326.45736769821	9985.030231000195	0.0026	0.0485	-0.0427	-0.0196	-0.0058	0.06	10655.555403435936	-0.02137725398485756	-0.018633113717169275	-0.07994256490193492	0.15527033869793186	0.15803552330135293
12192.13219557808	1.0	44.0	9329.568272071003	9988.824592628784	-0.0126	0.0497	-0.0168	-0.0132	-0.0147	0.0521	10649.693126861492	-0.11682477261243109	-0.09626689560582845	0.0062427101295839124	0.05857468614635984	0.11774249731743898
12208.818021866147	1.0	45.0	9352.500148037212	9979.91525550014	0.0013	0.0542	-0.0215	-0.0214	-0.0269	0.0612	10613.852752202785	-0.09595136050330251	0.06559758424941003	-0.004258798154612826	0.015595994509122607	-0.10057093286494531
12196.329361610304	1.0	46.0	9355.575020704506	9976.88803567301	0.0183	0.0488	-0.0203	-0.0067	-0.0147	0.0407	10617.382565191807	-0.0007336165244904416	0.06259292174269458	-0.11026993443027944	0.04339755825645268	-0.12327615693741749
12190.013695389962	1.0	47.0	9362.14163745031	9975.394539123172	-0.009	0.0511	-0.0159	-0.0167	-0.0123	0.0441	10630.500235125017	-0.012622797888018539	-0.17187845294298823	-0.009200242778354385	-0.11289166472309428	-0.08969327195350411
12157.168909348442	1.0	48.0	9351.67816364841	9969.775548969734	-0.0004	0.0504	-0.0147	-0.014	-0.0186	0.0514	10629.529212705329	0.022728741592206708	0.007277222720555138	0.08691580576216769	0.03118633210363619	-0.08127967939921692
12162.247945898991	1.0	49.0	9339.465030435622	9952.477923567527	0.0027	0.0439	-0.0281	-0.0038	-0.0076	0.0401	10609.085145979761	0.11693187461230661	0.034495798810079845	-0.07071706995713913	0.1638206224957573	0.060549832247313536
12134.941951243803	1.0	50.0	9324.328861390239	9964.599944112475	-0.0076	0.0482	-0.0026	-0.0007	-0.0088	0.052	10639.205158875291	0.04935777182368677	-0.06666989181029538	0.09079749949518694	-0.014255112431588134	0.12336265850973968
12163.249425958304	1.0	51.0	9347.167084667624	9985.06093896405	-0.0096	0.0424	-0.015	-0.0085	-0.0271	0.0666	10663.42348204927	-0.07610323842347079	0.10189978165216079	0.08839846700816828	-0.053717332722542095	0.08416147830298251
12216.434942402178	1.0	52.0	9341.828221621025	9989.529494685567	0.0241	0.0317	-0.0154	0.0067	-0.0055	0.0356	10657.058577312602	-0.048752069790963866	0.0666102213399949	-0.10234637786562543	0.0412716549505294	0.0749052551589134
12197.814866711667	1.0	53.0	9332.71326227087	9984.855955811592	-0.0077	0.0451	-0.0011	-0.0066	-0.0086	0.0409	10663.17507300544	-0.024133545504434882	-0.15730658833232622	-0.0022358125032662635	-0.041623486629244796	0.01398516345945997
12194.608836922362	1.0	54.0	9353.445125814378	9986.809793426726	0.0051	0.0236	0.015	-0.0333	-0.0091	0.0446	10657.902145709882	-0.06028368454766627	0.09281559111576224	0.04798286427075131	-0.028109132116092502	-0.09384909894657827
12242.190615040723	1.0	55.0	9355.169077131184	10012.184220606156	-0.0274	0.0143	-0.0411	-0.0125	0.0064	0.0221	10683.832461530063	-0.08328716041288615	0.048029113574785016	-0.15064430661120287	-0.06008266848246496	-0.06791002966927358
12218.261205570556	1.0	56.0	9364.714152564598	10016.626119932213	-0.0742	0.0258	-0.0354	-0.0183	0.0043	0.0127	10678.866960903764	-0.041950044982822975	-0.050236086045132994	-0.11392876286543521	0.05037489015238506	-0.07930709308784353
12201.970676843574	1.0	57.0	9364.903823086905	9991.392587145927	-0.0307	0.0233	-0.003	-0.0092	0.0061	0.0017	10636.681753385361	0.0452779009409713	-0.12201855459721682	0.014726783522965019	0.024355935138467247	-0.1725338588353269
12196.152526336757	1.0	58.0	9350.987739827186	9956.434799205103	-0.036	0.024	-0.0174	-0.0147	-0.0059	0.0213	10598.849988855856	0.04807278072054245	-0.017660327948547515	-0.031249626986051594	-0.02716301687849513	-0.12213773199026046
12211.960682985127	1.0	59.0	9350.843668562278	9952.895572878831	-0.0157	0.0071	-0.0266	-0.0075	0.016	0.0092	10609.573456572089	0.09620929979557061	0.03653120506983	-0.09715632198358784	0.036148338293337155	-0.027492673579589098
12166.77339600301	1.0	60.0	9340.7049783983	9976.628933208578	-0.0342	0.0187	-0.0071	-0.0124	-0.0076	0.0155	10653.715953119385	-0.06267558335518841	-0.05317985511149402	0.05582605123388308	0.08656021735395096	0.12691319120469868
12227.989266111897	1.0	61.0	9345.238346814267	10006.571537895652	-0.0208	0.026	0.0159	-0.0111	-0.0101	0.0297	10687.483582079134	-0.16432611737460107	0.060420983596017705	0.030985890403760714	-0.02982648724343095	-0.018491988264827276
12223.97766770317	1.0	62.0	9355.889543534673	10014.81166333588	-0.0201	0.0225	-0.0082	-0.004	-0.0101	0.026	10684.61556865562	-0.11325747991928205	0.06338709072744031	-0.12364941641815598	-0.07277997980758137	0.00976662633621233
12214.314649544087	1.0	63.0	9375.314369271753	10010.261459517847	-0.0057	0.0263	-0.008	-0.0042	-0.0006	0.023	10668.443060909245	-0.07134172528037115	-0.010281467463407894	-0.15664896402338807	0.0212126104013146	-0.09075846188202265
12245.96145759561	1.0	64.0	9362.69910694567	9996.461092898255	-0.0248	0.022	0.0026	-0.0112	0.0081	0.0212	10653.862688749194	-0.057161927687835026	-0.16706257236840394	-0.09649974422168385	-0.05516492032548855	-0.045953572224383586
12215.296845952107	1.0	65.0	9368.307100955168	9984.009981347841	-0.0298	0.0212	0.0064	-0.0134	-0.0012	0.0195	10636.256408719964	0.007143799491176455	-0.08171645187607834	0.04613908610880882	-0.030490325365234362	-0.17616279861483364
12178.295068497699	1.0	66.0	9359.844891508392	9968.546319624144	-0.0217	0.0177	-0.002	-0.0124	0.0009	0.0257	10613.976134492983	0.11337347939806203	0.05247245674783621	0.006657785582975725	-0.0757484326676065	-0.059761409571958544
12150.963757912094	1.0	67.0	9354.442939073542	9961.519712506757	-0.0076	0.009	-0.0034	0.004	0.0156	0.0007	10620.473220512196	0.1441036155454843	0.007079575679698434	-0.01137238528023621	0.10715857031076388	-0.08661592628355126
12117.461515691395	1.0	68.0	9334.459715934187	9953.559508369906	-0.0206	0.0026	0.0008	-0.0075	0.0072	0.0048	10597.617612995246	0.11051475742059119	-0.09246712431770066	0.17844076089859476	-0.036959609163099705	0.03245853587325513
12180.322944792404	1.0	69.0	9349.885552396201	9929.627873305268	-0.0038	0.0081	-0.0119	-0.0058	0.0148	0.0166	10565.514387689715	0.1724339903384897	0.06023711971394232	-0.031611808793748315	0.06674843354860484	0.06618925608775865
12135.341517461933	1.0	70.0	9336.449948238736	9945.645414670982	-0.0246	0.0102	0.003	-0.0031	-0.0065	0.0247	10601.666818272884	0.09053354547886933	-0.05830002828700752	0.15729761073579443	0.02510677961051759	0.0901974010915394
12187.26502191041	1.0	71.0	9349.734045108216	9964.939992125075	-0.0274	0.0131	0.0049	-0.0184	0.0002	0.0478	10617.465367208091	-0.05610248863801082	0.0558458001444635	0.0701841368715096	-0.03346846016005992	0.06945624548993705
12160.621771534172	1.0	72.0	9358.944854930432	9961.865977153964	-0.0182	0.0076	0.0022	0.0017	0.0085	0.019	10626.403968568593	0.03368567287294113	-0.020710841458588553	0.0560881605100371	0.044353748678282554	0.01772763680464637
12185.259569205913	1.0	73.0	9352.014115641563	9980.123398010943	-0.0325	0.0106	0.0097	-0.0125	0.0013	0.0336	10663.876863099771	-0.06196746682287246	0.020930477132376737	0.13579426027228886	-0.05027697354813197	0.019186502201215122
12202.102980313828	1.0	74.0	9345.436074149735	10017.269017172923	-0.0232	-0.0008	-0.0028	-0.0051	-0.0004	0.043	10707.25690606961	-0.08860773565690398	0.04532540532193731	-0.037848629467008496	-0.013708831387832257	0.16741289322700512
12185.506786141112	1.0	75.0	9343.151356835247	10023.360482597986	-0.0177	0.0049	-0.0022	0.0032	0.0024	0.0131	10705.338263941368	-0.12710736032975828	-0.03682985307978631	0.050178103249123716	0.13372455953484086	0.059900810721843695
12192.674644232471	1.0	76.0	9358.131259662103	10006.70168255534	-0.022	-0.0002	0.0054	0.0092	-0.0042	0.016	10665.22174074697	-0.09007626666450516	-0.012153336510917531	0.03526197119878194	-0.07240320703370216	0.006629445428640658
12167.298118526469	1.0	77.0	9375.040102556317	9996.354653620598	-0.0211	0.0021	0.0047	0.0035	0.0094	0.0092	10652.402207885982	-0.03861835748332415	-0.046836099707004836	0.006665729976853957	0.08494170136592553	-0.005821580001209862
12202.542318630489	1.0	78.0	9359.125556951192	10009.088256496034	-0.0203	0.0008	0.0068	0.0116	0.0004	0.0046	10678.855986155188	-0.14271468123482373	-0.017729722835756953	0.12943906150394158	0.10983609645049103	-0.061649633824907554
12192.901847169353	1.0	79.0	9369.847300477584	10026.296834999703	-0.0275	-0.0074	0.0186	0.0003	-0.0045	0.0146	10687.343736927605	-0.0577809143777455	0.039607829809143597	0.0033585029983440305	-0.058231634303163894	-0.026286651164782324
12223.090722102957	1.0	80.0	9362.297990282685	10012.974607263286	-0.0208	-0.0007	0.0055	-0.0025	0.0062	0.0098	10673.155602981225	-0.00910230437759707	-0.10840271010571775	-0.05748159763083043	0.11331209557105414	-0.052331965907001864
12218.491545679886	1.0	81.0	9362.352363074206	10008.617398656817	-0.0144	-0.0031	0.0061	0.0107	0.0057	0.0046	10668.184179084632	-0.0526887949134286	0.0419932815501911	0.027232650231304747	-0.032339949788848146	-0.07038990137834777
12199.44373284791	1.0	82.0	9360.092919404262	10018.222078627701	-0.0166	-0.0049	0.0099	0.0042	0.0069	0.0023	10677.89684107236	0.05624418233904527	0.02324279617077733	-0.08704397415024681	-0.1159110913997688	0.05461214182298873
12197.131290943697	1.0	83.0	9372.268038800243	10004.402628273509	-0.0178	-0.009	0.0098	0.0023	0.0027	0.0115	10676.080547476531	-0.02658247116135366	-0.07683761415893735	0.017950851958876524	0.0030043544943907604	-0.0894291806470084
12199.939082418556	1.0	84.0	9351.389481766233	10002.491747234104	-0.0075	-0.0125	-0.0031	0.0071	-0.0011	-0.0056	10662.214321552303	-0.007908660250660957	0.1827262130629696	0.025089197918303885	-0.04328776262509615	0.04356255910311274
12228.566236112341	1.0	85.0	9361.074716003202	10017.70235493255	-0.0064	-0.0184	0.0067	0.0143	0.0138	-0.0062	10685.228007898024	-0.005996165425022226	-0.021335138780174286	-0.1221176721220369	-0.10118845715633434	0.06808823745792317
12231.867879116502	1.0	86.0	9361.955103315482	10002.89851146537	-0.0118	-0.0211	0.0068	0.01	0.0001	0.0079	10658.111639538303	-0.04502614429400838	-0.017901136018388285	-0.019328824891905773	-0.0630036015664133	-0.02098676215593044
12233.094530143413	1.0	87.0	9361.236864026612	9998.517885259173	-0.0001	-0.0254	0.0089	0.0098	0.0083	-0.012	10657.20596406837	0.09264689767692272	0.045956874828013854	-0.0393595765513757	-0.09015493824706247	0.05431949263609544
12224.20916419529	1.0	88.0	9369.399148699757	10010.087124496444	-0.0057	-0.0226	0.0188	0.0125	0.01	-0.004	10689.145293361067	-0.024011356511444985	-0.13662276381326155	-0.03806289552651143	-0.06038539157748561	0.006807254454938831
12206.482847910765	1.0	89.0	9368.797158996798	10011.033700658265	-0.0004	-0.0244	0.0109	0.0045	0.0113	-0.0136	10680.505001473246	-0.014222177191426792	0.004909521064467686	0.029929254628968713	-0.008882431269935296	-0.01553527977999652
12205.375951664306	1.0	90.0	9360.78117270318	9990.597518582532	0.0077	-0.0247	0.0087	0.0161	0.0107	-0.02	10655.021590258668	0.13056108112331466	0.013801823689970282	-0.12233589653620039	0.0593377275806461	0.030178283754694116
12191.259233080295	1.0	91.0	9375.072238709143	9996.757532652102	0.002	-0.0213	0.0215	0.0078	0.0063	-0.005	10675.320950983805	0.06863237270449488	-0.13034143608517793	0.0804013474867172	-0.12844812044527226	0.04626380923907871
12221.4294108534	1.0	92.0	9383.44293010159	10006.388929443006	0.0012	-0.024	0.0212	0.0086	-0.0076	-0.0048	10659.480967721493	0.02761777834700245	-0.005903800362289092	0.04779371439882164	-0.1122391620013179	-0.08945897496738961
12253.118103200248	1.0	93.0	9370.560801540416	10001.221022199183	0.0104	-0.0235	0.0171	0.0075	0.0098	-0.0163	10658.84609407382	0.0660081974856435	0.062153336873494065	-0.07064709841394937	-0.02148485226887864	0.006865412145479131
12204.579772430507	1.0	94.0	9369.081697907464	9982.26305640103	0.0018	-0.0217	0.0286	0.0101	0.0156	-0.0115	10656.382463577129	0.10790105707443912	-0.0634293943504495	0.06520012949657455	-0.07357808123422517	-0.01336119436084363
12194.037931015404	1.0	95.0	9373.340237480676	9994.873162125883	-0.0008	-0.0231	0.0216	-0.0039	-0.0015	0.0062	10664.128874723045	0.024941207506180518	0.15288987725693887	0.07019699118976983	-0.11132466259453248	-0.006504740155152353
12195.269652974504	1.0	96.0	9375.174714622903	9996.720405446344	0.0155	-0.0289	0.0048	0.0197	0.0108	-0.0157	10672.771829680081	0.06209117882060852	0.046341545935240834	-0.05071775224934699	-0.00803564052178234	0.08639801192430663
12234.603396666962	1.0	97.0	9378.700339898962	9993.601049241923	-0.0029	-0.0195	0.0431	-0.0062	0.0041	-0.0139	10663.113485663627	-0.023534709191504886	-0.11629270507880902	0.005204419351769174	-0.08059052469601644	0.03279147613172825
12234.841929665368	1.0	98.0	9377.914632218972	10000.108272384461	-0.0033	-0.0193	0.0207	0.0005	-0.0074	-0.0043	10662.996241767574	-0.08777836499488724	0.12916561601214444	0.027175208665492005	-0.05654522369389185	0.024833618309233536
12238.39850666165	1.0	99.0	9382.215249558303	10024.790035769964	0.0099	-0.025	0.0223	0.0204	0.0004	-0.0062	10704.420711810351	-0.04592816116393432	0.019140366905220637	-0.07736790392408777	0.06397067716708862	0.011598808145837072
12221.71641925239	1.0	100.0	9384.203265445562	10040.560602117937	-0.0073	-0.0217	0.0419	0.0032	-0.0069	-0.0035	10721.310212800394	-0.12519572740315835	-0.08400783748991411	0.0090902864854351	-0.012250538362740513	0.038857578893471696
12242.245378618538	1.0	101.0	9387.671536136264	10024.673559007644	0.006	-0.026	0.0248	0.0087	-0.0069	-0.0086	10674.650403795802	-0.03625570531548892	0.08996054917266368	-0.015376083607882535	-0.0596035917455442	-0.0884894483827282
12260.644065100478	1.0	102.0	9378.963358201745	10020.188662022692	0.0126	-0.0259	0.0134	-0.0004	0.0172	-0.0301	10688.243805854192	-0.04761850282917579	-0.06508721165877746	-0.026413581222128796	0.09842184381977769	-0.0001729710938822622
12237.231893479993	1.0	103.0	9388.123448542403	10029.476633056327	0.0173	-0.0266	0.0017	0.0055	0.0034	-0.0464	10683.56465968267	-0.07812003124029863	0.10555508771066431	0.06469480560932703	-0.07059789272045898	-0.13348890001092473
12248.610931137127	1.0	104.0	9382.754417996355	10021.091795469049	0.0337	-0.0209	0.0238	0.0089	0.0247	-0.0315	10678.731249772394	0.06336133891445178	0.001945943891021764	-0.07743596859485069	-0.07138060691214278	-0.06691244530314606
12207.88800930639	1.0	105.0	9370.920403599823	10005.91258194605	0.0293	-0.0265	0.014	0.0248	0.0115	-0.0689	10668.723588628183	0.05373972688096811	-0.05748679070758866	0.07605545505360088	0.005604299382399967	-0.03123389358639545
12195.990540069493	1.0	106.0	9389.37507936727	9995.076670564864	0.0255	-0.0235	0.0153	0.0329	0.0001	-0.0566	10639.86993126849	0.035957089699395775	0.08392914635540047	0.0483788267429858	-0.04566022586601958	-0.009448835962224504
12191.867262194583	1.0	107.0	9375.37222214554	10001.275594239321	0.0179	-0.0256	0.0353	0.0277	0.0099	-0.0472	10670.404496678788	0.12753508816744735	-0.06608937833749381	0.000742557562266735	-0.027418887235195345	0.025014128970889053
12203.273366955116	1.0	108.0	9370.811732898079	10012.83709748288	0.0196	-0.0264	0.0203	0.0242	0.0032	-0.0473	10683.978665436218	-0.03949002716093115	-0.008695061956624756	0.12436310647979132	0.043329389374197155	0.023983804176921884
12227.228326122078	1.0	109.0	9371.130183372901	10005.330255879664	0.0284	-0.0274	0.0143	0.0329	0.0243	-0.0543	10659.335072501744	0.056143046390750344	0.04557255681806798	0.012132951113632467	-0.02641065438666745	0.04565082716685334
12200.406128275496	1.0	110.0	9378.211343998453	9996.882024229973	0.0138	-0.0218	0.0329	0.0185	0.0134	-0.0243	10660.773911474897	0.08774361116880434	-0.058349089546761546	-0.005436691280765117	0.04622968447345711	0.02947742983480877
12233.667965983534	1.0	111.0	9388.112500345074	10024.516822942212	0.0266	-0.0267	0.0213	0.0332	0.0089	-0.0409	10706.378962648881	-0.10326453388226035	0.08843821499930545	0.079992201798156	0.0669799672777302	0.01804395839202129
12205.64693530896	1.0	112.0	9385.159992684408	10041.766416927845	0.0333	-0.0307	0.0264	0.0294	0.0252	-0.0542	10711.292433617487	0.014408811656699142	0.036933049405006683	-0.008726823247586871	-0.022425582537762744	0.016614660316300343
12218.089020726364	1.0	113.0	9380.286959612411	10017.653557841906	0.0182	-0.0382	0.0284	0.0261	0.0188	-0.0533	10684.505444852315	0.014663703799527162	-0.05117518408983702	0.029038544873829626	0.057757675075320807	0.037392333725273605
12212.108561658993	1.0	114.0	9368.67439646367	10006.870056464564	0.0354	-0.0284	0.0229	0.0256	0.005	-0.0505	10666.512002310372	-0.03588070307419775	0.1538111756988357	0.10084067760057448	0.06781547245261896	0.006514545980260842
12181.779372952815	1.0	115.0	9367.28512243264	10025.39208011187	0.0312	-0.036	0.0165	0.0278	0.0213	-0.0534	10706.48988423214	0.0575636909200606	-0.04011524196025619	0.038159015913175394	0.09599262930674861	0.13201661108021367
12257.368083834986	1.0	116.0	9365.055890776834	10044.696270726114	0.0129	-0.0313	0.0345	0.022	0.0046	-0.0459	10725.435105120165	-0.13575643487038622	-0.1278625952044762	0.025992068406082477	0.07423088072355344	0.1257725602449516
12234.417617408817	1.0	117.0	9368.06554839333	10043.427569374828	0.0365	-0.0321	0.0143	0.0343	0.0133	-0.0603	10714.487098150166	-0.08644916406241247	0.10414875711914422	0.05326043447490992	0.0802150334644241	-0.03233477225959569
12227.89539715386	1.0	118.0	9382.436683897417	10037.451498284814	0.0345	-0.0374	0.0233	0.0301	0.0189	-0.0604	10710.07982915747	0.021397823298210113	-0.017528890149633845	-0.05711927819287492	0.01914625211326945	0.0013692153604279787
12233.145197968308	1.0	119.0	9394.66079843474	10032.091984427296	0.0151	-0.0346	0.0326	0.0165	0.0084	-0.0369	10706.189418344182	0.016161309448652107	-0.1350065470102416	0.028015810640031467	-0.09491458689561239	-0.026513457944554827
12219.26607178426	1.0	120.0	9385.103003188493	10022.273300474659	0.0404	-0.0393	0.0214	0.0319	0.0005	-0.0493	10683.242310241403	-0.0014152842036330563	0.10538045360903743	0.0008736926423729738	0.049757353042470434	0.03152259528685658
12218.919476473973	1.0	121.0	9376.793750345076	10027.816448638665	0.0404	-0.0429	0.0222	0.0363	0.0348	-0.0598	10700.550469854381	0.08198422399937717	-0.07624814108931752	-0.00471305273361289	0.10867959276166933	0.04372193846239421
12202.223459908375	1.0	122.0	9379.2923841928	10029.301587262733	0.0234	-0.043	0.0325	0.0287	0.005	-0.0498	10686.622364322793	-0.022725565895640124	-0.010262619095772635	0.10147874533570955	-0.10312809881266452	-0.0035006505335350197
12248.686448742917	1.0	123.0	9364.478034590327	10027.094184400237	0.0443	-0.0426	0.0254	0.0265	0.0205	-0.0606	10692.529665576843	0.038721604586340004	0.05966467269171736	-0.07682172992555687	0.07550357890299231	0.1037039540958619
12244.011540312942	1.0	124.0	9379.564884123785	10029.171274085016	0.0348	-0.0433	0.0281	0.0339	0.005	-0.0677	10696.71659121981	-0.012616185868494894	-0.0057544751595772535	-0.002240922818213014	0.005267969894192415	0.027651883309297406
12248.161973818165	1.0	125.0	9383.236247722505	10040.772377164887	0.0298	-0.0461	0.0369	0.0238	0.0216	-0.0617	10715.985891592298	-0.024414008365899367	0.040211620078509154	-0.006330608027953026	-0.05595621844808105	0.018793159442853095
12246.039411074717	1.0	126.0	9389.35230510159	10022.30086401828	0.0387	-0.0424	0.024	0.034	0.0137	-0.0736	10684.565131441728	0.00030025287046767096	0.028174463937110313	0.03642571343559253	0.04923462725327275	-0.11997332772102527
12240.964394199274	1.0	127.0	9378.429709584805	10003.609842063366	0.0457	-0.0464	0.0301	0.0289	0.0143	-0.0715	10647.16932599248	0.056167145172937735	0.07603621565374516	-0.04060283550641159	-0.05740809479267027	-0.018850755331383383
12252.308535654214	1.0	128.0	9378.508114785778	10015.437058043424	0.0226	-0.0356	0.0365	0.0106	0.0102	-0.0475	10685.556487778398	-0.030860609449461306	-0.013914278277494713	0.025128169458780106	0.082400237015935	-0.03811663668678208
12243.495884881817	1.0	129.0	9363.998215961794	10028.738242876938	0.0441	-0.0491	0.032	0.0277	0.0019	-0.0655	10691.517825749994	-0.09039096655042612	0.1404196370083654	-0.03912356466118781	-0.010096239386296986	0.18014666181494646
12221.124850610835	1.0	130.0	9376.378662281913	10042.363345085907	0.0487	-0.0539	0.0299	0.033	0.0183	-0.0761	10715.890884279608	-0.028992990094737367	-0.06764591123818613	-0.0467715292022343	0.13678756090209873	0.037970627877697276
12254.831032555772	1.0	131.0	9393.824071057863	10040.738755656688	0.0252	-0.0545	0.0291	0.0182	-0.0042	-0.0631	10701.718402440178	-0.09842007986977622	-0.043849196433397256	0.09251459850205915	0.025566411011809106	-0.08844000537701223
12268.324897917404	1.0	132.0	9401.079736845737	10044.826398130459	0.0495	-0.0604	0.0175	0.029	0.0135	-0.0725	10709.296750130203	-0.029448789888111133	0.07525057474613087	-0.06953210395382386	-0.014990791775815566	-0.058500848756275564
12255.724708967777	1.0	133.0	9391.109573763251	10040.04440306579	0.0517	-0.0581	0.026	0.0377	0.0152	-0.0876	10709.908532186582	0.048316875345792355	-0.03334759910499054	-0.0850277283577432	0.06344597861981287	-0.0393261655798687
12234.880295015935	1.0	134.0	9385.898987894765	10034.789645035533	0.0293	-0.0562	0.0497	0.007	0.0084	-0.061	10710.836406254888	0.03209312186359617	-0.06889073035809891	0.08492785550416544	-0.0919144111144057	-0.038101348773317875
12238.96585212686	1.0	135.0	9378.323619699646	10032.345519160157	0.0546	-0.0674	0.0335	0.0239	0.0132	-0.0746	10700.178144835949	0.04159179028952955	0.10054172155352968	-0.06491754553367454	0.026237965422931418	0.0921376310982768
12229.598527686792	1.0	136.0	9383.071507149956	10035.882416632012	0.0452	-0.0601	0.0512	0.0225	0.0141	-0.0751	10701.115944295165	0.06580378379647862	-0.16132954631309498	-0.05006492385417401	-0.05310258205692094	0.08369837466171436
12252.956385280188	1.0	137.0	9385.513026584586	10018.195118219595	0.0409	-0.0552	0.0362	0.0296	0.0044	-0.082	10670.616570758837	0.0186408798232482	0.003582339797335611	0.05295921055309477	-0.04348327201963627	0.009621270501900514
12246.302958458746	1.0	138.0	9388.625226024184	10025.175089102577	0.0588	-0.0587	0.0425	0.0324	0.0214	-0.0801	10679.42198026651	0.09583110931670084	0.06880576880148609	-0.07541671914827398	-0.0005055156355814459	0.016879479773032023
12241.39482172893	1.0	139.0	9393.52933207266	10035.859189154531	0.0359	-0.0594	0.0448	0.0123	0.0051	-0.0687	10689.094401827995	0.00570895528368158	-0.10568250135151544	0.02647865375963373	0.002318291502510448	0.028576058879840483
12250.31148194051	1.0	140.0	9386.892080181648	10033.22527802268	0.0653	-0.0607	0.0352	0.0354	0.0142	-0.0896	10695.004366123409	-0.03270215772523162	0.11348838480493584	-0.0095636960685463	0.1291582145288687	-0.09062371319865156
12244.50413171698	1.0	141.0	9410.018831782796	10034.568565565358	0.0459	-0.0593	0.0387	0.0261	0.0148	-0.0776	10696.120727833493	0.058691097994084014	-0.012565345783843489	-0.11443646459197496	-0.0020005968052315914	0.03753551725987209
12301.947553337464	1.0	142.0	9402.62927651557	10069.204211030969	0.0411	-0.0628	0.0588	0.0101	0.0069	-0.0523	10752.29123942626	-0.14420953749850585	-0.16112724287534233	-0.05380610295754231	-0.015688880989134193	0.07582543904512992
12287.450411096848	1.0	143.0	9415.836803293396	10083.076136527241	0.0151	-0.0591	0.0271	0.0258	0.0075	-0.072	10770.812102026739	-0.14265954800482475	0.03568058959768194	0.06008031852248766	0.06331242404794578	-0.18241880857049997
12288.154385401913	1.0	144.0	9415.660117256515	10086.637646346644	0.0141	-0.077	0.0305	0.0175	0.0175	-0.0954	10758.913068567825	-0.07046679635195162	0.048729359433675144	-0.039339386373409994	-0.09429602752612301	-0.09494448052438924
12301.586587619511	1.0	145.0	9407.867687858878	10074.308774318104	0.0388	-0.0659	0.0522	0.0245	0.0096	-0.0833	10734.164900415619	0.0018920318608752172	0.029598997209550303	-0.1287151974676008	-0.056331803059167435	-0.13902127950702617
12278.241526314625	1.0	146.0	9413.033760421267	10041.208650920627	0.0436	-0.0577	0.0402	0.032	0.0101	-0.0711	10700.10079310985	0.05685730904072822	-0.020602416987129835	-0.11721909413052743	0.06306052218474362	-0.17584358602595215
12225.997162989112	1.0	147.0	9384.686025149073	10014.47930791927	0.0521	-0.0668	0.0513	0.0377	0.0176	-0.0738	10691.483424911466	0.1407846201691788	-0.11231505838815695	0.15574385210641842	-0.05877428739905208	-0.01173731622302174
12172.472852669087	1.0	148.0	9386.3984375	10009.96078381434	0.0345	-0.0412	0.0425	0.0412	-0.0022	-0.0593	10677.48027413395	0.12788448665259314	0.13797581251711066	0.1316335947545732	0.12778883204008948	-0.02866205496861531
12272.06340740085	1.0	149.0	9389.361819857	10009.288306226366	0.0409	-0.0477	0.0484	0.0413	0.0103	-0.0448	10685.733674098008	0.09737349835267282	0.08597375238592236	-0.0981787245190416	0.12595892545086956	0.05226091594292002
12227.39761724283	1.0	150.0	9376.842127456935	10010.762860057743	0.0389	-0.0455	0.0746	0.0284	-0.008	-0.0281	10696.99881622881	0.03997881500507363	-0.14378586112100064	0.09864709124274963	-0.11910987933685695	0.19235122730362092
12271.708140602868	1.0	151.0	9384.763863046599	10029.441839501329	0.0514	-0.0483	0.0637	0.0369	-0.0076	-0.0443	10704.431530713902	-0.10629668980809333	0.10291293488131548	0.08097492379547062	0.02819882233547429	0.009358804852109288
12268.855471516466	1.0	152.0	9401.439232276944	10027.361233498514	0.0485	-0.0515	0.0741	0.0317	0.0055	-0.0468	10683.173763436598	0.015068168148805393	0.028550928687797354	-0.03902870019591797	-0.07355975638460478	0.0788613467782973
12265.305578302054	1.0	153.0	9389.49943097118	10008.351061673813	0.047	-0.0418	0.0848	0.0332	-0.0121	-0.0444	10661.559238119336	-0.004648255658103266	-0.08886190921803569	0.016453378867344055	0.008152543715529934	0.07507045577300983
12267.847151369953	1.0	154.0	9404.096870168949	10027.446344956024	0.0423	-0.0615	0.067	0.0362	0.0002	-0.0584	10690.702500865165	-0.08635627610988067	0.06475579431088038	0.07133334608945385	-0.010464558740720262	-0.05283574649560388
12288.438975909614	1.0	155.0	9404.68845758337	10044.95614862341	0.0515	-0.0684	0.0667	0.0241	0.0079	-0.0563	10707.11296991256	0.005316154950583124	0.0083712464464234	-0.07781444428936084	-0.09548507417572806	0.047066898620388764
12293.997355258498	1.0	156.0	9400.208429149183	10053.086423530343	0.0404	-0.0668	0.0682	0.0207	0.0058	-0.06	10731.758703030218	-0.0813417099877693	-0.08881636672967116	-0.07885859732741392	0.049917789962439	0.02435353220360434
12247.251799586136	1.0	157.0	9399.903017681647	10042.231845652308	0.0451	-0.0658	0.0622	0.0291	0.0023	-0.0782	10717.090471744272	-0.07342281730595424	0.06218312801267017	0.1263147998041951	0.03513497524768959	-0.010191366239769099
12295.186930108002	1.0	158.0	9402.186460288758	10070.697768169164	0.0488	-0.0685	0.0712	0.0294	0.0089	-0.0702	10756.538321516895	-0.049478766718693626	9.963584229830665e-05	-0.09116872439845833	-0.09234235422979378	0.09001105938603887
12286.574725013279	1.0	159.0	9407.33381011208	10080.882029653832	0.0475	-0.0663	0.0694	0.0194	0.0094	-0.0727	10768.391556505147	-0.10008722672099464	-0.06730407534377192	-0.03518740725338671	0.07166025208695916	-0.04382400558036629
12301.95569504692	1.0	160.0	9407.940845157906	10064.766095402429	0.0598	-0.0651	0.055	0.0381	-0.0002	-0.098	10729.563986163403	-0.10766306292190665	0.06908296783572078	-0.07005959604343935	0.06241634857502888	-0.06399074053882103
12318.537015315156	1.0	161.0	9406.348207334917	10072.395655466777	0.0431	-0.066	0.0742	0.0119	0.0084	-0.0658	10762.712827141379	0.007139618025599273	-0.05254171565123092	-0.13187762225300992	0.06878762753101209	-0.08448395135611347
12265.090621126948	1.0	162.0	9414.164104254085	10073.03874559809	0.0468	-0.0745	0.0523	0.0314	0.0102	-0.0964	10757.58107298733	-0.03946073872310804	-0.03276090111631482	0.06082832421045731	-0.014696434163490014	-0.08236199173940749
12291.919739288243	1.0	163.0	9406.677315108767	10060.256651991498	0.0631	-0.0756	0.0677	0.0278	0.0175	-0.0956	10730.001214623164	0.1157765942140403	-0.004164107546493261	-0.07885642418101506	-0.09243346584594278	-0.02785950600723184
12240.801926566926	1.0	164.0	9408.981818683746	10040.98810732589	0.0394	-0.0779	0.0712	0.013	0.0087	-0.084	10712.482186874035	0.0851102043980898	-0.03912686219341538	0.07523493831847274	-0.02036488871789685	-0.060629195857780524
12235.439681358446	1.0	165.0	9387.010412985866	10026.556922392743	0.0749	-0.0832	0.0622	0.0153	0.013	-0.0851	10691.778665223768	0.1331522627239753	0.14199964066744897	-0.02430892948132553	0.05091392561572694	0.02444262243780218
12230.629700225743	1.0	166.0	9379.104021160005	10034.417664991128	0.0675	-0.0856	0.0639	0.0193	0.0204	-0.0865	10716.534829808148	0.09584460665172348	-0.08867853895281688	0.07337856953509644	0.034994664003285304	0.12111963564374088
12248.743006373938	1.0	167.0	9397.133590989399	10048.54192934362	0.0495	-0.075	0.0802	0.0023	0.0031	-0.0757	10737.166218507142	-0.007173316497479955	-0.036187946661597546	0.10205946071673401	-0.06587327261182051	0.099867168816744
12267.245801887837	1.0	168.0	9405.353408651723	10055.856359963407	0.0617	-0.0789	0.0648	0.009	0.0086	-0.0751	10733.695620424602	0.04105607019386217	0.022645954201402047	-0.09442110792662221	-0.011035575787982059	0.09427453697561562
12322.51839838217	1.0	169.0	9399.102875165636	10069.70755199059	0.0655	-0.0789	0.0699	0.0232	0.0058	-0.0872	10762.54719628621	-0.12048226239353428	-0.06444768348575379	-0.007435560646709278	0.10524664959484566	0.014096919195067595
12309.934409857471	1.0	170.0	9398.41982283845	10075.16432985564	0.0704	-0.0783	0.0703	0.0216	0.0044	-0.1053	10756.411453024346	-0.07270796030715895	0.05981699318157162	-0.031523404918018375	-0.07709001990981931	-0.0319374287722409
12298.572860415192	1.0	171.0	9406.767043948763	10066.579290201798	0.0652	-0.0795	0.0782	0.0132	0.0073	-0.0819	10742.68973333982	-0.005585496808446063	-0.08988914787334741	-0.07834096035332944	0.08297652410256323	-0.10923112269698076
12289.404278892971	1.0	172.0	9427.420559228689	10050.431734764315	0.0621	-0.0861	0.0729	0.0278	0.0093	-0.0982	10721.311841612112	-0.009229240752734444	-0.050847533393027854	0.08513630261079368	-0.09643167684596589	-0.14144825337717598
12275.893608633587	1.0	173.0	9429.867934587566	10046.053862136165	0.0581	-0.0775	0.0832	0.009	0.0073	-0.077	10711.194944463943	0.11391194676390505	-0.017174926766370696	-0.05713197221629	-0.13615012555912825	-0.03634215313915566
12248.72166585517	1.0	174.0	9397.26872826027	10033.648380027304	0.0693	-0.0707	0.0684	0.0187	0.013	-0.0911	10703.903773674203	0.08352855870808534	0.0342202529794371	0.08313966758716647	0.11509872424131871	0.023657029581635028
12252.693409171388	1.0	175.0	9390.238155642668	10041.429636092138	0.064	-0.0823	0.0744	0.0208	0.0112	-0.0913	10705.41699373163	0.022158190627378865	0.11025331080877133	0.06915804978715126	0.021037218905580954	0.03368046501715889
